id,user_id,book_id,content,created_at,updated_at
,,원미동 사람들,ㅇㅇ,2024-10-05 23:52:54,2024-10-05 23:52:54
,,원미동 사람들,ㅇㅇ,2024-10-05 23:53:44,2024-10-05 23:53:44
,,원미동 사람들,ㅇㅇ,2024-10-05 23:53:45,2024-10-05 23:53:45
,,원미동 사람들,ㅇㅇ,2024-10-05 23:53:46,2024-10-05 23:53:46
,,원미동 사람들,ㅇㅇ,2024-10-05 23:53:46,2024-10-05 23:53:46
,,원미동 사람들,ㅇㅇ,2024-10-05 23:53:46,2024-10-05 23:53:46
,,원미동 사람들,ㅇㅇ,2024-10-05 23:53:47,2024-10-05 23:53:47
,,원미동 사람들,ㅇㅇ,2024-10-05 23:53:47,2024-10-05 23:53:47
,,해리 포터와 불의 잔 2,안녕하세요 감자입니당!,2024-10-05 23:58:40,2024-10-05 23:58:40
,,해리 포터와 불의 잔 2,책이 재미있어요~,2024-10-06 00:02:07,2024-10-06 00:02:07
,,불안 세대,책이 재미있어요~,2024-10-06 00:02:16,2024-10-06 00:02:16
,,죽음의 수용소에서,ddfdf,2024-10-06 00:05:53,2024-10-06 00:05:53
,,모순,ㅇ,2024-10-06 00:14:23,2024-10-06 00:14:23
,,모순,ㅇㅇㅇㅇ,2024-10-06 00:14:25,2024-10-06 00:14:25
,,모순,dd,2024-10-06 00:18:56,2024-10-06 00:18:56
,,죽음의 수용소에서,ddd,2024-10-06 00:21:31,2024-10-06 00:21:31
,,죽음의 수용소에서,ddd,2024-10-06 00:21:33,2024-10-06 00:21:33
,,죽음의 수용소에서,ddd,2024-10-06 00:21:33,2024-10-06 00:21:33
,,죽음의 수용소에서,ddd,2024-10-06 00:21:34,2024-10-06 00:21:34
,,죽음의 수용소에서,ddd,2024-10-06 00:21:35,2024-10-06 00:21:35
,,죽음의 수용소에서,ddd,2024-10-06 00:21:35,2024-10-06 00:21:35
,,죽음의 수용소에서,ddd,2024-10-06 00:21:35,2024-10-06 00:21:35
,,죽음의 수용소에서,ddd,2024-10-06 00:21:35,2024-10-06 00:21:35
,,죽음의 수용소에서,ddd,2024-10-06 00:21:36,2024-10-06 00:21:36
,,죽음의 수용소에서,dddd,2024-10-06 00:21:49,2024-10-06 00:21:49
,,죽음의 수용소에서,dddd,2024-10-06 00:27:27,2024-10-06 00:27:27
,,죽음의 수용소에서,d,2024-10-06 00:27:35,2024-10-06 00:27:35
,,숨,sds,2024-10-06 00:29:21,2024-10-06 00:29:21
,,불안 세대,d,2024-10-07 11:10:12,2024-10-07 11:10:12
